wafer_id,lot_id,thickness_CVD,cd_ETCH,resistance_CMP,uniformity,particle_count,equipment_id,process_route,dominant_bin,yield
W0000,LOT000,102.4836,52.7785,227.9871,96.5567,1.0,EQ_B,ROUTE_C,BIN_PASS,78.3623
W0001,LOT000,99.3087,55.7282,218.4927,93.8976,1.0,EQ_B,ROUTE_A,BIN_LEAKAGE,76.0761
W0002,LOT000,103.2384,45.8043,201.1926,93.3636,4.0,EQ_C,ROUTE_B,BIN_PASS,73.2912
W0003,LOT000,107.6151,51.6889,187.0613,94.9933,1.0,EQ_C,ROUTE_B,BIN_PASS,75.5279
W0004,LOT000,98.8292,48.0481,213.9645,94.6596,3.0,EQ_A,ROUTE_C,BIN_PASS,72.9404
W0005,LOT000,98.8293,48.5386,207.8697,94.0935,1.0,EQ_C,ROUTE_B,BIN_LEAKAGE,74.3563
W0006,LOT000,107.8961,48.2228,217.9039,96.3928,2.0,EQ_A,ROUTE_B,BIN_SHORT,67.8882
W0007,LOT000,103.8372,47.408,212.7034,96.9106,5.0,EQ_C,ROUTE_A,BIN_PASS,72.3829
W0008,LOT000,97.6526,50.1456,220.9911,95.1768,4.0,EQ_B,ROUTE_A,BIN_LEAKAGE,71.89
W0009,LOT000,102.7128,47.5071,189.2953,97.9551,3.0,EQ_A,ROUTE_C,BIN_SHORT,61.8413
W0010,LOT000,97.6829,50.8114,226.3479,92.7166,3.0,EQ_A,ROUTE_C,BIN_PASS,74.4113
W0011,LOT000,97.6714,49.8493,203.952,94.6127,5.0,EQ_A,ROUTE_B,BIN_PASS,69.8408
W0012,LOT000,101.2098,49.2832,241.5052,93.5664,3.0,EQ_C,ROUTE_A,BIN_PASS,76.8451
W0013,LOT000,90.4336,47.2773,186.2162,91.2669,2.0,EQ_B,ROUTE_C,BIN_PASS,70.7461
W0014,LOT000,91.3754,48.2697,234.7193,94.8346,1.0,EQ_A,ROUTE_C,BIN_SHORT,68.5767
W0015,LOT000,97.1886,52.2662,203.9582,94.7565,2.0,EQ_A,ROUTE_C,BIN_PASS,74.4035
W0016,LOT000,94.9358,51.5028,186.9716,98.0269,1.0,EQ_A,ROUTE_B,BIN_OPEN,65.7424
W0017,LOT000,101.5712,47.0673,190.3223,96.2616,2.0,EQ_A,ROUTE_A,BIN_PASS,78.1484
W0018,LOT000,95.4599,50.298,193.5931,92.9516,1.0,EQ_B,ROUTE_C,BIN_PASS,76.9429
W0019,LOT000,92.9385,52.2542,208.4833,98.7082,3.0,EQ_C,ROUTE_A,BIN_PASS,76.3078
W0020,LOT000,107.3282,44.9918,210.4567,97.4421,3.0,EQ_B,ROUTE_C,BIN_SHORT,58.3023
W0021,LOT000,98.8711,51.6301,188.526,96.1642,6.0,EQ_A,ROUTE_C,BIN_PASS,69.1347
W0022,LOT000,100.3376,48.0121,199.5129,94.547,5.0,EQ_B,ROUTE_A,BIN_PASS,70.9543
W0023,LOT000,92.8763,51.7118,242.8454,93.0811,6.0,EQ_A,ROUTE_A,BIN_OPEN,63.9888
W0024,LOT000,97.2781,47.7102,234.5509,94.2556,1.0,EQ_C,ROUTE_A,BIN_PASS,72.792
W0025,LOT001,100.5546,44.5854,208.7265,97.1775,2.0,EQ_C,ROUTE_B,BIN_PASS,76.2999
W0026,LOT001,94.245,45.1174,200.7601,98.7692,4.0,EQ_C,ROUTE_C,BIN_PASS,76.0554
W0027,LOT001,101.8785,50.1443,202.4006,98.0865,2.0,EQ_A,ROUTE_B,BIN_SHORT,69.8024
W0028,LOT001,96.9968,50.7792,212.2704,94.0223,1.0,EQ_B,ROUTE_A,BIN_OPEN,72.566
W0029,LOT001,98.5415,47.2871,179.5441,92.7608,4.0,EQ_C,ROUTE_C,BIN_LEAKAGE,65.3449
W0030,LOT001,96.9915,51.9158,194.8525,95.2818,4.0,EQ_A,ROUTE_B,BIN_PASS,70.0084
W0031,LOT001,109.2614,45.0154,166.6283,91.4631,1.0,EQ_A,ROUTE_C,BIN_OPEN,68.5602
W0032,LOT001,99.9325,49.8018,207.9845,95.6463,4.0,EQ_B,ROUTE_B,BIN_OPEN,67.3111
W0033,LOT001,94.7114,46.367,212.9439,94.7048,3.0,EQ_C,ROUTE_A,BIN_PASS,75.539
W0034,LOT001,104.1127,48.0445,190.3363,94.0679,1.0,EQ_A,ROUTE_B,BIN_PASS,78.0851
W0035,LOT001,93.8958,50.1422,231.4797,91.8106,2.0,EQ_B,ROUTE_C,BIN_SHORT,75.189
W0036,LOT001,101.0443,47.4188,175.4847,96.0272,1.0,EQ_C,ROUTE_C,BIN_LEAKAGE,71.2116
W0037,LOT001,90.2016,48.8463,170.7125,93.9346,2.0,EQ_B,ROUTE_C,BIN_PASS,73.6984
W0038,LOT001,93.3591,53.0189,204.489,92.6602,2.0,EQ_B,ROUTE_C,BIN_OPEN,64.6497
W0039,LOT001,100.9843,48.2693,220.942,89.2555,3.0,EQ_A,ROUTE_A,BIN_PASS,67.8451
W0040,LOT001,103.6923,52.5071,233.6786,94.945,4.0,EQ_A,ROUTE_B,BIN_PASS,74.0576
W0041,LOT001,100.8568,46.6109,190.8223,98.5445,4.0,EQ_A,ROUTE_A,BIN_PASS,73.8771
W0042,LOT001,99.4218,51.5894,221.5736,98.3225,0.0,EQ_B,ROUTE_A,BIN_PASS,76.627
W0043,LOT001,98.4945,54.3247,199.2298,94.0858,3.0,EQ_A,ROUTE_A,BIN_PASS,73.5976
W0044,LOT001,92.6074,42.5851,196.5475,93.7956,0.0,EQ_B,ROUTE_C,BIN_PASS,72.9284
W0045,LOT001,96.4008,47.6093,217.6732,95.9375,3.0,EQ_B,ROUTE_C,BIN_LEAKAGE,68.9813
W0046,LOT001,97.6968,51.7312,213.0465,93.0032,1.0,EQ_A,ROUTE_C,BIN_PASS,76.1557
W0047,LOT001,105.2856,49.3909,168.4722,95.6036,4.0,EQ_C,ROUTE_B,BIN_PASS,69.481
W0048,LOT001,101.7181,51.1134,229.5308,96.5322,5.0,EQ_C,ROUTE_C,BIN_SHORT,61.3892
W0049,LOT001,91.1848,48.188,227.6018,97.4539,1.0,EQ_C,ROUTE_B,BIN_OPEN,68.0654
W0050,LOT002,101.6204,50.2598,187.4887,94.7997,3.0,EQ_B,ROUTE_C,BIN_LEAKAGE,73.1786
W0051,LOT002,98.0746,49.533,207.9161,94.5927,3.0,EQ_B,ROUTE_C,BIN_PASS,66.4129
W0052,LOT002,96.6154,53.5033,209.8806,93.244,3.0,EQ_B,ROUTE_A,BIN_OPEN,67.4004
W0053,LOT002,103.0584,50.7633,205.2135,93.3462,2.0,EQ_A,ROUTE_A,BIN_LEAKAGE,69.5141
W0054,LOT002,105.155,51.0128,188.9939,94.547,3.0,EQ_B,ROUTE_A,BIN_PASS,70.3937
W0055,LOT002,104.6564,48.7644,186.5675,95.7347,3.0,EQ_A,ROUTE_B,BIN_PASS,72.0319
W0056,LOT002,95.8039,48.5372,199.4889,96.8272,4.0,EQ_A,ROUTE_B,BIN_SHORT,64.113
W0057,LOT002,98.4539,48.7023,223.4546,93.3936,3.0,EQ_C,ROUTE_C,BIN_PASS,73.8739
W0058,LOT002,101.6563,51.1834,210.872,97.9854,1.0,EQ_C,ROUTE_B,BIN_PASS,74.3376
W0059,LOT002,104.8777,48.737,192.5877,94.4578,2.0,EQ_C,ROUTE_C,BIN_PASS,77.1966
W0060,LOT002,97.6041,50.8693,215.434,94.9573,4.0,EQ_A,ROUTE_B,BIN_PASS,70.2257
W0061,LOT002,99.0717,56.2262,143.0291,93.5056,1.0,EQ_A,ROUTE_B,BIN_SHORT,65.5269
W0062,LOT002,94.4683,52.6134,222.9753,90.1515,4.0,EQ_A,ROUTE_B,BIN_LEAKAGE,69.1486
W0063,LOT002,94.019,49.0219,165.2057,96.7681,2.0,EQ_B,ROUTE_A,BIN_PASS,75.7756
W0064,LOT002,104.0626,53.6036,192.7512,96.4737,1.0,EQ_A,ROUTE_B,BIN_SHORT,66.0047
W0065,LOT002,106.7812,48.7758,177.6066,94.4373,5.0,EQ_C,ROUTE_A,BIN_LEAKAGE,58.1675
W0066,LOT002,99.6399,43.8856,174.1064,95.134,6.0,EQ_C,ROUTE_A,BIN_PASS,65.7898
W0067,LOT002,105.0177,46.9757,223.2165,96.0319,1.0,EQ_A,ROUTE_B,BIN_LEAKAGE,73.2707
W0068,LOT002,101.8082,44.3876,190.646,91.8749,7.0,EQ_A,ROUTE_C,BIN_PASS,68.7784
W0069,LOT002,96.7744,48.9455,206.9301,93.9419,4.0,EQ_C,ROUTE_C,BIN_SHORT,64.3726
W0070,LOT002,101.807,50.0553,199.0616,96.5885,3.0,EQ_A,ROUTE_C,BIN_PASS,73.4988
W0071,LOT002,107.6902,55.0293,209.5408,92.4914,3.0,EQ_C,ROUTE_B,BIN_PASS,78.0609
W0072,LOT002,99.8209,50.9808,201.5364,95.5871,0.0,EQ_B,ROUTE_C,BIN_PASS,78.4365
W0073,LOT002,107.8232,49.3427,174.3402,92.2868,3.0,EQ_C,ROUTE_A,BIN_LEAKAGE,71.7268
W0074,LOT002,86.9013,52.4882,219.9253,95.9329,3.0,EQ_B,ROUTE_C,BIN_PASS,66.5699
W0075,LOT003,104.1095,43.3666,190.1249,94.9287,1.0,EQ_A,ROUTE_B,BIN_PASS,71.3433
W0076,LOT003,100.4352,50.7068,168.8684,91.7697,0.0,EQ_A,ROUTE_C,BIN_PASS,81.5287
W0077,LOT003,98.505,52.3126,191.4377,97.3295,2.0,EQ_B,ROUTE_A,BIN_PASS,78.7601
W0078,LOT003,100.4588,45.5642,230.0152,93.5308,4.0,EQ_A,ROUTE_B,BIN_PASS,70.9189
W0079,LOT003,90.0622,53.4313,217.0044,93.3795,6.0,EQ_B,ROUTE_C,BIN_PASS,61.1002
W0080,LOT003,98.9016,51.0155,193.027,95.4011,3.0,EQ_A,ROUTE_B,BIN_PASS,74.2616
W0081,LOT003,101.7856,48.7541,193.0148,97.2973,3.0,EQ_C,ROUTE_B,BIN_PASS,75.0342
W0082,LOT003,107.3895,51.8983,193.5673,92.9684,2.0,EQ_A,ROUTE_B,BIN_LEAKAGE,71.3203
W0083,LOT003,97.4086,56.8121,241.535,95.1234,1.0,EQ_C,ROUTE_C,BIN_PASS,73.3076
W0084,LOT003,95.9575,50.5456,207.6387,95.8576,0.0,EQ_C,ROUTE_B,BIN_PASS,78.1104
W0085,LOT003,97.4912,50.7447,208.6008,96.3862,2.0,EQ_B,ROUTE_C,BIN_PASS,73.7002
W0086,LOT003,104.577,48.6219,220.6057,95.3529,6.0,EQ_A,ROUTE_A,BIN_PASS,65.7401
W0087,LOT003,101.6438,47.4505,204.7758,94.2659,6.0,EQ_B,ROUTE_C,BIN_PASS,71.7541
W0088,LOT003,97.3512,52.491,194.8192,93.3448,3.0,EQ_A,ROUTE_A,BIN_PASS,74.0024
W0089,LOT003,102.5663,47.4317,196.073,95.1723,3.0,EQ_C,ROUTE_C,BIN_SHORT,65.2507
W0090,LOT003,100.4854,50.2147,198.568,92.8557,2.0,EQ_C,ROUTE_B,BIN_SHORT,67.2471
W0091,LOT003,104.8432,48.567,199.2556,89.1573,5.0,EQ_A,ROUTE_C,BIN_PASS,69.9333
W0092,LOT003,96.4897,51.4369,214.5526,95.8731,3.0,EQ_A,ROUTE_B,BIN_PASS,74.3531
W0093,LOT003,98.3617,51.001,201.0389,96.8079,2.0,EQ_B,ROUTE_A,BIN_OPEN,76.2942
W0094,LOT003,98.0395,53.1126,214.6528,90.2741,2.0,EQ_A,ROUTE_C,BIN_OPEN,72.1304
W0095,LOT003,92.6824,48.47,198.3857,92.9805,2.0,EQ_A,ROUTE_B,BIN_SHORT,64.1938
W0096,LOT003,101.4806,49.1904,201.5727,96.2383,3.0,EQ_A,ROUTE_A,BIN_PASS,72.7647
W0097,LOT003,101.3053,47.0637,160.036,99.115,1.0,EQ_B,ROUTE_A,BIN_LEAKAGE,71.4989
W0098,LOT003,100.0256,48.6671,218.3266,95.0416,6.0,EQ_A,ROUTE_C,BIN_PASS,69.8576
W0099,LOT003,98.8271,51.1319,206.9298,93.544,4.0,EQ_C,ROUTE_A,BIN_PASS,70.758
W0100,LOT004,92.9231,52.271,219.9602,94.6342,6.0,EQ_B,ROUTE_B,BIN_PASS,69.393
W0101,LOT004,97.8968,47.2335,142.0749,97.7498,2.0,EQ_B,ROUTE_A,BIN_PASS,67.3319
W0102,LOT004,98.2864,52.6088,241.7675,93.7081,5.0,EQ_C,ROUTE_A,BIN_PASS,72.5479
W0103,LOT004,95.9886,54.0669,197.2082,93.4016,2.0,EQ_C,ROUTE_B,BIN_OPEN,69.996
W0104,LOT004,99.1936,51.2403,222.1637,94.0345,3.0,EQ_C,ROUTE_A,BIN_PASS,78.5502
W0105,LOT004,102.0203,55.6304,179.2019,93.0933,6.0,EQ_A,ROUTE_A,BIN_PASS,70.7721
W0106,LOT004,109.4309,47.6786,212.2555,95.2453,6.0,EQ_C,ROUTE_A,BIN_PASS,65.1911
W0107,LOT004,100.8729,46.266,178.9317,98.2494,5.0,EQ_A,ROUTE_A,BIN_OPEN,68.0374
W0108,LOT004,101.2878,44.6638,187.5246,95.6462,4.0,EQ_B,ROUTE_B,BIN_SHORT,62.975
W0109,LOT004,99.6278,54.4881,238.2806,94.4953,3.0,EQ_B,ROUTE_A,BIN_SHORT,59.7902
W0110,LOT004,90.4061,51.9631,196.1864,94.4164,1.0,EQ_C,ROUTE_B,BIN_PASS,75.3131
W0111,LOT004,99.8674,49.8332,204.3487,91.8736,4.0,EQ_A,ROUTE_A,BIN_PASS,72.0208
W0112,LOT004,100.3012,50.8399,217.4014,96.7662,3.0,EQ_C,ROUTE_A,BIN_SHORT,67.0744
W0113,LOT004,112.3162,46.6235,209.9136,94.8443,4.0,EQ_C,ROUTE_A,BIN_PASS,73.9089
W0114,LOT004,99.0382,57.3373,203.0084,94.639,2.0,EQ_A,ROUTE_A,BIN_LEAKAGE,71.4509
W0115,LOT004,101.5077,50.3877,207.2992,101.3862,2.0,EQ_C,ROUTE_B,BIN_SHORT,65.3406
W0116,LOT004,99.8264,50.3282,248.0683,95.5975,4.0,EQ_B,ROUTE_B,BIN_PASS,76.7099
W0117,LOT004,94.1566,52.1773,198.8476,93.4964,4.0,EQ_C,ROUTE_B,BIN_LEAKAGE,69.4637
W0118,LOT004,105.7141,51.443,204.022,94.1473,1.0,EQ_A,ROUTE_C,BIN_PASS,72.8031
W0119,LOT004,103.7597,50.6717,221.0131,97.2969,2.0,EQ_A,ROUTE_A,BIN_PASS,70.7847
W0120,LOT004,103.9552,47.6286,222.1105,95.2265,4.0,EQ_B,ROUTE_A,BIN_PASS,68.9329
W0121,LOT004,95.4531,51.4144,223.7406,92.1234,2.0,EQ_A,ROUTE_B,BIN_SHORT,69.5791
W0122,LOT004,107.014,55.6461,212.7746,96.8385,3.0,EQ_A,ROUTE_C,BIN_PASS,70.2326
W0123,LOT004,92.9907,54.0363,177.1399,93.6637,5.0,EQ_B,ROUTE_A,BIN_PASS,69.0261
W0124,LOT004,102.9343,54.7796,232.6686,98.7466,2.0,EQ_C,ROUTE_B,BIN_PASS,70.1923
W0125,LOT005,110.9523,48.4664,177.0731,97.1601,2.0,EQ_B,ROUTE_A,BIN_SHORT,67.6905
W0126,LOT005,95.0473,47.0312,206.0527,94.1054,2.0,EQ_C,ROUTE_A,BIN_SHORT,60.2811
W0127,LOT005,97.1685,49.6226,184.9145,97.562,2.0,EQ_B,ROUTE_B,BIN_SHORT,66.0335
W0128,LOT005,100.4983,50.1672,198.7172,95.1357,4.0,EQ_C,ROUTE_B,BIN_OPEN,70.039
W0129,LOT005,97.4826,53.2826,206.5752,96.7055,2.0,EQ_B,ROUTE_A,BIN_PASS,71.5639
W0130,LOT005,92.2467,44.9226,206.4271,95.9695,2.0,EQ_C,ROUTE_A,BIN_PASS,74.4854
W0131,LOT005,100.3428,54.5887,208.4384,93.3073,3.0,EQ_B,ROUTE_B,BIN_PASS,70.9541
W0132,LOT005,94.6885,49.526,232.2742,93.7129,2.0,EQ_C,ROUTE_A,BIN_LEAKAGE,68.5387
W0133,LOT005,102.368,48.7194,209.0707,97.0599,2.0,EQ_B,ROUTE_A,BIN_PASS,79.6368
W0134,LOT005,95.4029,46.9637,195.1169,94.3304,2.0,EQ_A,ROUTE_B,BIN_SHORT,66.8681
W0135,LOT005,107.7497,45.0354,219.2817,94.1927,5.0,EQ_C,ROUTE_A,BIN_PASS,69.7464
W0136,LOT005,96.0837,52.4695,223.7894,93.0898,4.0,EQ_B,ROUTE_A,BIN_PASS,74.8919
W0137,LOT005,98.3897,50.22,175.4478,95.8472,4.0,EQ_C,ROUTE_C,BIN_PASS,65.571
W0138,LOT005,104.0676,46.1301,211.948,99.125,4.0,EQ_C,ROUTE_B,BIN_PASS,73.1361
W0139,LOT005,93.8457,46.1148,214.0235,92.8649,4.0,EQ_B,ROUTE_C,BIN_LEAKAGE,65.3165
W0140,LOT005,101.1373,48.9926,194.0487,95.0484,4.0,EQ_C,ROUTE_C,BIN_PASS,71.3681
W0141,LOT005,106.5357,55.0071,227.5141,97.8244,0.0,EQ_B,ROUTE_C,BIN_PASS,77.3488
W0142,LOT005,91.9626,49.2212,196.9989,94.8407,1.0,EQ_A,ROUTE_A,BIN_PASS,74.6881
W0143,LOT005,100.9232,45.4906,202.5115,95.9047,4.0,EQ_C,ROUTE_A,BIN_PASS,73.7028
W0144,LOT005,101.2994,49.2628,196.5386,92.8752,1.0,EQ_A,ROUTE_C,BIN_PASS,77.6928
W0145,LOT005,103.9091,49.1818,200.3116,95.8566,4.0,EQ_C,ROUTE_C,BIN_SHORT,65.0046
W0146,LOT005,93.8152,41.9093,178.0745,94.6257,1.0,EQ_C,ROUTE_C,BIN_PASS,71.9376
W0147,LOT005,93.3977,49.8371,171.199,96.9715,2.0,EQ_C,ROUTE_A,BIN_SHORT,63.7594
W0148,LOT005,102.6097,49.3072,231.8901,97.3748,2.0,EQ_B,ROUTE_C,BIN_PASS,73.719
W0149,LOT005,101.4849,52.0886,183.0608,100.1791,1.0,EQ_A,ROUTE_C,BIN_PASS,76.9106
W0150,LOT006,101.2525,55.5469,180.1722,96.1593,4.0,EQ_C,ROUTE_B,BIN_LEAKAGE,73.9172
W0151,LOT006,101.7322,53.3797,156.9322,95.6516,7.0,EQ_B,ROUTE_B,BIN_PASS,72.0442
W0152,LOT006,96.5999,49.1933,187.2208,95.3888,3.0,EQ_C,ROUTE_A,BIN_LEAKAGE,69.1974
W0153,LOT006,101.1613,46.6804,173.5382,94.2937,4.0,EQ_B,ROUTE_B,BIN_PASS,72.5046
W0154,LOT006,101.4654,57.7201,232.8403,95.677,5.0,EQ_C,ROUTE_B,BIN_PASS,68.1092
W0155,LOT006,96.4282,50.1777,220.1963,94.4092,3.0,EQ_A,ROUTE_B,BIN_PASS,74.7482
W0156,LOT006,109.3289,50.0418,186.237,95.3369,2.0,EQ_A,ROUTE_A,BIN_PASS,74.9614
W0157,LOT006,102.3692,49.9276,245.0487,97.6352,3.0,EQ_C,ROUTE_B,BIN_PASS,76.3428
W0158,LOT006,94.0435,50.5943,219.6353,92.9869,2.0,EQ_B,ROUTE_A,BIN_PASS,66.2719
W0159,LOT006,103.2828,49.5669,193.5034,97.2798,2.0,EQ_C,ROUTE_C,BIN_PASS,76.9414
W0160,LOT006,95.1266,48.279,150.0119,97.6342,4.0,EQ_B,ROUTE_B,BIN_PASS,70.6528
W0161,LOT006,103.9354,48.3594,245.8189,94.7639,1.0,EQ_C,ROUTE_A,BIN_PASS,74.5483
W0162,LOT006,105.793,49.9017,172.2086,90.7563,5.0,EQ_B,ROUTE_B,BIN_SHORT,65.1056
W0163,LOT006,95.8966,48.3697,167.092,93.7844,2.0,EQ_A,ROUTE_C,BIN_SHORT,71.5173
W0164,LOT006,104.8169,47.8615,220.4514,97.594,3.0,EQ_C,ROUTE_A,BIN_SHORT,67.2665
W0165,LOT006,102.0639,50.3193,248.795,94.9543,6.0,EQ_A,ROUTE_A,BIN_PASS,68.6975
W0166,LOT006,104.1103,49.2351,227.6855,93.0014,3.0,EQ_A,ROUTE_A,BIN_PASS,70.7329
W0167,LOT006,109.484,54.512,211.2782,93.9905,3.0,EQ_C,ROUTE_C,BIN_PASS,61.8313
W0168,LOT006,98.7731,42.0471,211.8951,96.6812,7.0,EQ_C,ROUTE_C,BIN_PASS,66.4983
W0169,LOT006,96.2313,53.2745,217.0683,96.0935,3.0,EQ_B,ROUTE_C,BIN_LEAKAGE,71.7966
W0170,LOT006,95.5524,53.7383,215.1786,94.5221,1.0,EQ_B,ROUTE_A,BIN_LEAKAGE,72.3648
W0171,LOT006,95.9209,43.7798,205.6238,94.2664,0.0,EQ_A,ROUTE_C,BIN_PASS,79.0895
W0172,LOT006,99.6145,48.9719,202.084,94.2165,3.0,EQ_B,ROUTE_B,BIN_PASS,71.0126
W0173,LOT006,101.7058,48.8857,198.7481,93.1552,1.0,EQ_B,ROUTE_C,BIN_PASS,77.0288
W0174,LOT006,101.3835,45.7775,184.9207,98.2308,2.0,EQ_C,ROUTE_A,BIN_PASS,74.145
W0175,LOT007,104.1359,47.6665,194.3865,94.3554,1.0,EQ_B,ROUTE_B,BIN_PASS,75.9955
W0176,LOT007,100.065,46.6683,166.1409,97.4343,3.0,EQ_A,ROUTE_C,BIN_PASS,77.6516
W0177,LOT007,107.2677,55.2568,198.0332,98.0426,1.0,EQ_B,ROUTE_B,BIN_PASS,73.9024
W0178,LOT007,98.6767,52.807,180.2282,96.9966,2.0,EQ_A,ROUTE_B,BIN_PASS,74.5958
W0179,LOT007,113.6008,53.8147,177.9282,94.1368,4.0,EQ_C,ROUTE_A,BIN_SHORT,57.5838
W0180,LOT007,103.1283,52.165,203.5979,95.8075,3.0,EQ_A,ROUTE_B,BIN_PASS,77.6812
W0181,LOT007,95.7142,46.6128,227.84,94.9516,4.0,EQ_B,ROUTE_B,BIN_PASS,67.0658
W0182,LOT007,94.6455,48.4264,218.3663,93.1926,2.0,EQ_C,ROUTE_A,BIN_PASS,73.1052
W0183,LOT007,102.4124,51.4681,168.59,95.6487,2.0,EQ_B,ROUTE_A,BIN_OPEN,75.7709
W0184,LOT007,98.8827,46.3336,180.2074,92.6419,3.0,EQ_C,ROUTE_A,BIN_PASS,75.103
W0185,LOT007,103.57,52.139,218.8154,97.3754,1.0,EQ_C,ROUTE_B,BIN_PASS,76.5129
W0186,LOT007,102.3662,49.279,180.3503,94.0708,2.0,EQ_B,ROUTE_B,BIN_OPEN,71.0668
W0187,LOT007,99.6359,48.8755,195.5073,95.4023,4.0,EQ_B,ROUTE_B,BIN_PASS,70.6018
W0188,LOT007,95.766,52.1329,211.001,95.5666,6.0,EQ_C,ROUTE_A,BIN_SHORT,60.6711
W0189,LOT007,92.4258,51.3328,180.6331,94.4822,4.0,EQ_C,ROUTE_C,BIN_SHORT,62.145
W0190,LOT007,97.7674,48.9171,202.1075,96.1734,1.0,EQ_B,ROUTE_B,BIN_SHORT,69.936
W0191,LOT007,104.282,53.478,173.3195,94.0502,4.0,EQ_A,ROUTE_C,BIN_SHORT,58.8055
W0192,LOT007,101.0705,46.7568,187.9726,96.7426,4.0,EQ_B,ROUTE_A,BIN_PASS,73.5751
W0193,LOT007,93.7713,51.8478,206.3956,92.308,1.0,EQ_C,ROUTE_B,BIN_SHORT,70.9422
W0194,LOT007,100.8659,51.7793,168.1401,95.2528,5.0,EQ_B,ROUTE_C,BIN_LEAKAGE,67.917
W0195,LOT007,101.9266,49.0714,208.8095,98.8779,2.0,EQ_A,ROUTE_B,BIN_SHORT,69.9919
W0196,LOT007,95.5807,50.9784,199.6072,92.9993,1.0,EQ_B,ROUTE_B,BIN_LEAKAGE,74.7139
W0197,LOT007,100.7686,46.2467,211.0498,93.6445,4.0,EQ_C,ROUTE_B,BIN_SHORT,62.4449
W0198,LOT007,100.291,52.7721,204.4783,96.0278,3.0,EQ_B,ROUTE_C,BIN_PASS,71.1283
W0199,LOT007,94.2851,49.4453,227.2828,95.3592,3.0,EQ_C,ROUTE_A,BIN_SHORT,62.8085
W0200,LOT008,101.7889,48.4318,202.5045,95.7013,6.0,EQ_C,ROUTE_B,BIN_PASS,70.7147
W0201,LOT008,102.8039,53.147,191.4119,95.9784,4.0,EQ_B,ROUTE_A,BIN_PASS,71.7316
W0202,LOT008,105.4153,47.887,202.446,96.2694,9.0,EQ_C,ROUTE_A,BIN_SHORT,59.8555
W0203,LOT008,105.269,45.7746,210.866,97.2194,3.0,EQ_C,ROUTE_C,BIN_PASS,74.6018
W0204,LOT008,93.1117,45.3301,200.9772,95.8196,2.0,EQ_A,ROUTE_C,BIN_SHORT,67.4319
W0205,LOT008,95.3109,51.818,200.8118,94.5175,3.0,EQ_A,ROUTE_A,BIN_OPEN,69.1553
W0206,LOT008,102.5752,46.1587,185.9602,96.3451,2.0,EQ_A,ROUTE_B,BIN_SHORT,63.8043
W0207,LOT008,102.5689,55.2644,186.742,98.7998,5.0,EQ_A,ROUTE_C,BIN_LEAKAGE,67.5996
W0208,LOT008,102.5752,43.7542,171.9479,94.7347,4.0,EQ_C,ROUTE_B,BIN_PASS,70.9207
W0209,LOT008,119.2637,55.0894,234.9915,93.0509,3.0,EQ_B,ROUTE_B,BIN_PASS,64.27
W0210,LOT008,102.8545,50.6331,175.1227,97.2142,5.0,EQ_C,ROUTE_B,BIN_LEAKAGE,72.0203
W0211,LOT008,105.6778,49.7099,186.1419,94.7592,3.0,EQ_C,ROUTE_A,BIN_PASS,76.9875
W0212,LOT008,104.77,48.3652,185.6319,90.6547,1.0,EQ_C,ROUTE_B,BIN_OPEN,67.9826
W0213,LOT008,103.257,51.1974,217.8985,96.6948,3.0,EQ_B,ROUTE_A,BIN_PASS,72.1306
W0214,LOT008,98.4237,49.8871,194.101,93.9293,7.0,EQ_A,ROUTE_A,BIN_OPEN,62.3321
W0215,LOT008,103.7948,53.3099,224.9548,94.8189,3.0,EQ_C,ROUTE_B,BIN_SHORT,66.8671
W0216,LOT008,96.1359,50.3427,186.5302,95.664,2.0,EQ_C,ROUTE_B,BIN_OPEN,72.1879
W0217,LOT008,98.8159,50.4509,205.5799,95.381,5.0,EQ_A,ROUTE_B,BIN_OPEN,67.0976
W0218,LOT008,97.5732,48.9092,183.2931,96.4189,2.0,EQ_C,ROUTE_B,BIN_PASS,76.6572
W0219,LOT008,100.4094,49.8292,242.903,94.129,4.0,EQ_B,ROUTE_A,BIN_PASS,69.946
W0220,LOT008,111.5733,50.9234,176.248,96.0262,1.0,EQ_C,ROUTE_B,BIN_SHORT,67.8027
W0221,LOT008,90.6637,44.8695,206.1964,94.4809,3.0,EQ_C,ROUTE_B,BIN_PASS,70.3442
W0222,LOT008,103.4313,45.9554,212.6755,96.4776,8.0,EQ_A,ROUTE_A,BIN_PASS,63.3157
W0223,LOT008,91.9364,52.2298,208.276,96.2307,3.0,EQ_C,ROUTE_C,BIN_PASS,67.5915
W0224,LOT008,97.6403,50.5126,196.2942,93.1291,5.0,EQ_C,ROUTE_C,BIN_OPEN,66.6679
W0225,LOT009,105.4448,49.448,197.4036,97.172,6.0,EQ_B,ROUTE_A,BIN_PASS,70.2167
W0226,LOT009,100.3214,50.0553,200.8762,93.9281,5.0,EQ_A,ROUTE_C,BIN_PASS,67.274
W0227,LOT009,94.6113,51.0427,197.06,96.6161,4.0,EQ_A,ROUTE_A,BIN_PASS,72.0217
W0228,LOT009,96.4235,48.3807,219.2776,95.7346,3.0,EQ_B,ROUTE_B,BIN_PASS,74.1461
W0229,LOT009,103.398,47.6651,244.2105,98.6764,4.0,EQ_C,ROUTE_B,BIN_SHORT,62.3839
W0230,LOT009,96.3482,50.5875,188.8502,94.5531,0.0,EQ_A,ROUTE_C,BIN_LEAKAGE,76.809
W0231,LOT009,101.0823,47.0649,172.6039,94.3014,8.0,EQ_A,ROUTE_B,BIN_PASS,66.1033
W0232,LOT009,100.2279,51.2248,198.2344,94.9612,2.0,EQ_C,ROUTE_C,BIN_PASS,77.2913
W0233,LOT009,96.742,44.8922,251.5942,94.3936,4.0,EQ_C,ROUTE_C,BIN_SHORT,64.5822
W0234,LOT009,110.7197,53.0875,183.9265,96.5999,0.0,EQ_A,ROUTE_B,BIN_PASS,77.1535
W0235,LOT009,103.1696,51.4178,232.7823,91.7674,1.0,EQ_C,ROUTE_B,BIN_PASS,80.0325
W0236,LOT009,89.8743,50.7681,233.554,92.8926,7.0,EQ_A,ROUTE_C,BIN_PASS,67.17
W0237,LOT009,100.9323,52.9481,188.9282,92.8644,4.0,EQ_C,ROUTE_B,BIN_PASS,71.11
W0238,LOT009,96.6911,54.9964,211.3797,96.9006,5.0,EQ_C,ROUTE_A,BIN_PASS,67.5654
W0239,LOT009,104.2622,53.0431,232.5679,98.4212,1.0,EQ_B,ROUTE_B,BIN_LEAKAGE,69.8142
W0240,LOT009,96.0374,44.4774,192.4174,94.7911,5.0,EQ_C,ROUTE_B,BIN_PASS,69.5557
W0241,LOT009,99.4263,46.1613,195.9284,94.6624,1.0,EQ_B,ROUTE_A,BIN_OPEN,75.7563
W0242,LOT009,102.5249,48.1255,188.3664,95.1401,2.0,EQ_C,ROUTE_B,BIN_OPEN,69.4174
W0243,LOT009,104.3288,50.0783,179.7049,97.3238,1.0,EQ_A,ROUTE_B,BIN_LEAKAGE,75.5189
W0244,LOT009,93.9985,51.553,187.0144,93.1453,4.0,EQ_A,ROUTE_C,BIN_SHORT,61.3215
W0245,LOT009,98.3275,47.8228,175.5212,95.4767,3.0,EQ_C,ROUTE_B,BIN_OPEN,69.7118
W0246,LOT009,97.6253,50.5603,200.6817,96.9504,1.0,EQ_C,ROUTE_B,BIN_SHORT,73.3415
W0247,LOT009,96.7334,47.7339,184.6005,96.0022,3.0,EQ_A,ROUTE_A,BIN_PASS,75.6723
W0248,LOT009,108.8273,48.1654,204.6757,95.3792,2.0,EQ_C,ROUTE_C,BIN_SHORT,60.9056
W0249,LOT009,102.0249,45.78,168.8821,97.0021,2.0,EQ_B,ROUTE_C,BIN_PASS,76.4166
W0250,LOT010,93.6956,47.2303,206.6176,89.5935,1.0,EQ_B,ROUTE_C,BIN_SHORT,69.3495
W0251,LOT010,104.5893,45.9449,216.6706,96.3558,3.0,EQ_B,ROUTE_B,BIN_PASS,73.0216
W0252,LOT010,110.6108,47.0724,160.1253,93.6918,2.0,EQ_B,ROUTE_C,BIN_PASS,74.6483
W0253,LOT010,105.1623,53.1609,207.4811,91.3387,3.0,EQ_B,ROUTE_A,BIN_SHORT,62.1864
W0254,LOT010,92.4032,47.1518,224.5534,96.0224,3.0,EQ_C,ROUTE_C,BIN_PASS,72.2715
W0255,LOT010,97.5788,57.8971,175.8072,97.7473,5.0,EQ_C,ROUTE_A,BIN_PASS,71.9453
W0256,LOT010,106.3346,51.48,233.4514,94.7251,6.0,EQ_B,ROUTE_C,BIN_PASS,71.5675
W0257,LOT010,96.4617,50.5545,208.3804,96.9057,3.0,EQ_C,ROUTE_C,BIN_PASS,75.8608
W0258,LOT010,102.2191,47.4249,185.8998,98.2246,5.0,EQ_C,ROUTE_A,BIN_PASS,68.1553
W0259,LOT010,103.8732,52.1009,198.8846,97.6298,2.0,EQ_B,ROUTE_C,BIN_PASS,71.8763
W0260,LOT010,95.3653,48.2731,211.1665,98.2799,2.0,EQ_C,ROUTE_C,BIN_PASS,75.2625
W0261,LOT010,99.7024,50.366,201.5201,96.4843,4.0,EQ_C,ROUTE_C,BIN_SHORT,66.3066
W0262,LOT010,83.7937,57.6803,210.7751,95.1509,3.0,EQ_C,ROUTE_B,BIN_PASS,67.2649
W0263,LOT010,94.8781,49.7118,181.5865,91.7961,2.0,EQ_B,ROUTE_A,BIN_PASS,72.9338
W0264,LOT010,98.7372,53.4478,203.3872,94.5079,1.0,EQ_C,ROUTE_C,BIN_PASS,78.0529
W0265,LOT010,93.7611,47.8905,171.7257,93.3135,5.0,EQ_A,ROUTE_A,BIN_SHORT,62.115
W0266,LOT010,108.1621,49.895,197.7755,99.3419,3.0,EQ_A,ROUTE_A,BIN_PASS,73.8789
W0267,LOT010,92.8493,55.3124,181.9218,94.6482,4.0,EQ_B,ROUTE_A,BIN_PASS,71.5101
W0268,LOT010,97.7998,48.1191,185.2894,95.2464,1.0,EQ_A,ROUTE_C,BIN_LEAKAGE,73.2666
W0269,LOT010,100.6537,55.4373,224.7219,96.103,3.0,EQ_B,ROUTE_C,BIN_PASS,71.6627
W0270,LOT010,107.2064,52.1233,221.8262,95.0872,4.0,EQ_A,ROUTE_A,BIN_PASS,74.3115
W0271,LOT010,92.8207,48.3126,212.1828,98.3901,2.0,EQ_A,ROUTE_B,BIN_PASS,71.8992
W0272,LOT010,105.8158,51.8972,178.1537,93.7547,2.0,EQ_A,ROUTE_A,BIN_PASS,73.0888
W0273,LOT010,100.0512,52.9177,193.6718,95.3892,2.0,EQ_B,ROUTE_B,BIN_LEAKAGE,76.5203
W0274,LOT010,95.0925,51.8654,224.262,93.5151,4.0,EQ_B,ROUTE_A,BIN_PASS,70.1405
W0275,LOT011,102.3105,45.2893,202.8343,92.36,5.0,EQ_C,ROUTE_A,BIN_PASS,69.6267
W0276,LOT011,100.9953,47.8186,246.3866,93.7765,2.0,EQ_B,ROUTE_A,BIN_SHORT,66.5929
W0277,LOT011,96.9989,49.2574,207.8664,94.9259,2.0,EQ_A,ROUTE_C,BIN_SHORT,62.453
W0278,LOT011,100.349,49.7767,203.841,94.1414,4.0,EQ_A,ROUTE_B,BIN_PASS,73.4361
W0279,LOT011,98.0734,51.862,193.8177,93.6152,0.0,EQ_B,ROUTE_B,BIN_OPEN,70.6454
W0280,LOT011,100.5676,50.5331,202.6708,92.1874,3.0,EQ_B,ROUTE_A,BIN_LEAKAGE,72.8802
W0281,LOT011,103.3107,45.994,196.9506,94.8338,0.0,EQ_B,ROUTE_C,BIN_PASS,80.7213
W0282,LOT011,107.9301,51.1406,214.1622,91.9906,2.0,EQ_C,ROUTE_C,BIN_SHORT,59.5222
W0283,LOT011,93.8109,51.8318,219.134,96.5201,2.0,EQ_A,ROUTE_B,BIN_PASS,73.1898
W0284,LOT011,110.6652,51.6794,184.2802,95.1649,1.0,EQ_C,ROUTE_C,BIN_LEAKAGE,72.9857
W0285,LOT011,90.2396,53.2423,173.3753,92.0849,4.0,EQ_C,ROUTE_B,BIN_PASS,63.2249
W0286,LOT011,99.2411,52.5018,163.2759,94.3816,5.0,EQ_A,ROUTE_B,BIN_PASS,75.2804
W0287,LOT011,102.9416,51.3775,210.1598,93.4957,1.0,EQ_A,ROUTE_B,BIN_SHORT,70.2062
W0288,LOT011,101.405,49.7895,177.9327,95.6383,4.0,EQ_B,ROUTE_C,BIN_PASS,76.744
W0289,LOT011,96.8865,45.0171,156.9422,97.6809,0.0,EQ_B,ROUTE_B,BIN_SHORT,67.381
W0290,LOT011,98.9594,51.2889,207.7716,91.2497,6.0,EQ_C,ROUTE_B,BIN_PASS,68.8423
W0291,LOT011,97.535,50.6231,249.86,95.2301,5.0,EQ_B,ROUTE_A,BIN_PASS,71.0285
W0292,LOT011,97.0532,50.8147,199.8786,94.6797,1.0,EQ_B,ROUTE_B,BIN_PASS,83.7047
W0293,LOT011,104.248,46.1698,216.7698,96.3427,5.0,EQ_A,ROUTE_B,BIN_PASS,73.6478
W0294,LOT011,101.7851,46.7568,201.6366,95.4264,1.0,EQ_A,ROUTE_A,BIN_LEAKAGE,74.0643
W0295,LOT011,96.5355,53.1595,198.0222,93.4961,4.0,EQ_B,ROUTE_A,BIN_PASS,72.4601
W0296,LOT011,104.498,49.8813,218.3815,94.3619,2.0,EQ_A,ROUTE_C,BIN_PASS,77.5078
W0297,LOT011,101.5365,52.0445,194.1945,93.4079,1.0,EQ_B,ROUTE_B,BIN_LEAKAGE,81.3959
W0298,LOT011,104.0643,50.085,205.3478,97.152,3.0,EQ_A,ROUTE_C,BIN_PASS,75.3949
W0299,LOT011,103.1481,50.0893,206.434,95.0426,3.0,EQ_A,ROUTE_C,BIN_SHORT,66.6577
W0300,LOT012,95.855,52.8149,186.6382,98.8024,6.0,EQ_A,ROUTE_A,BIN_PASS,67.6148
W0301,LOT012,97.1991,48.4519,219.8408,94.8787,0.0,EQ_A,ROUTE_C,BIN_SHORT,71.2452
W0302,LOT012,103.7365,50.2884,196.5008,93.5832,3.0,EQ_B,ROUTE_B,BIN_PASS,72.5026
W0303,LOT012,103.0519,48.6132,184.8851,91.9726,5.0,EQ_C,ROUTE_A,BIN_OPEN,67.518
W0304,LOT012,99.8955,48.6965,210.7302,91.3937,1.0,EQ_A,ROUTE_B,BIN_OPEN,68.6495
W0305,LOT012,100.5866,49.0725,182.0306,91.8317,3.0,EQ_B,ROUTE_B,BIN_PASS,74.1715
W0306,LOT012,106.3883,50.6664,200.5636,95.5343,4.0,EQ_B,ROUTE_A,BIN_PASS,74.0208
W0307,LOT012,97.0421,48.5638,199.8176,96.0175,2.0,EQ_A,ROUTE_B,BIN_PASS,76.6455
W0308,LOT012,102.7355,53.7673,221.7179,91.8376,3.0,EQ_C,ROUTE_A,BIN_OPEN,66.7846
W0309,LOT012,98.989,47.3162,209.494,96.7901,7.0,EQ_A,ROUTE_B,BIN_OPEN,62.4271
W0310,LOT012,98.9116,49.4394,199.4995,94.0339,1.0,EQ_B,ROUTE_A,BIN_PASS,81.0552
W0311,LOT012,105.4939,48.6808,216.3553,95.2936,3.0,EQ_C,ROUTE_C,BIN_PASS,69.693
W0312,LOT012,104.1271,54.3409,227.8042,98.2244,3.0,EQ_B,ROUTE_B,BIN_SHORT,60.9117
W0313,LOT012,104.0675,50.5897,211.1562,96.7937,1.0,EQ_A,ROUTE_A,BIN_PASS,74.255
W0314,LOT012,106.5274,53.0955,200.2071,94.4629,1.0,EQ_C,ROUTE_B,BIN_PASS,75.2715
W0315,LOT012,100.105,45.5433,173.7633,93.2176,2.0,EQ_B,ROUTE_B,BIN_PASS,71.1156
W0316,LOT012,103.4098,50.8012,178.6977,90.6964,2.0,EQ_B,ROUTE_B,BIN_PASS,78.5156
W0317,LOT012,98.4487,52.6689,193.8955,93.5617,6.0,EQ_B,ROUTE_A,BIN_PASS,66.6942
W0318,LOT012,101.6208,50.2469,187.8098,94.5777,1.0,EQ_A,ROUTE_C,BIN_SHORT,70.5881
W0319,LOT012,99.3493,53.1964,196.2606,93.0256,3.0,EQ_C,ROUTE_C,BIN_SHORT,64.289
W0320,LOT012,100.485,48.4481,201.133,94.7375,3.0,EQ_A,ROUTE_C,BIN_PASS,74.5373
W0321,LOT012,102.9758,54.228,210.5939,95.1537,4.0,EQ_A,ROUTE_A,BIN_PASS,66.606
W0322,LOT012,95.9089,56.8967,198.59,94.5503,2.0,EQ_A,ROUTE_C,BIN_PASS,76.0179
W0323,LOT012,110.4619,48.9115,209.73,93.7,3.0,EQ_C,ROUTE_A,BIN_PASS,69.0415
W0324,LOT012,94.9699,48.6635,201.2895,95.3373,4.0,EQ_A,ROUTE_B,BIN_PASS,68.7577
W0325,LOT013,93.9291,54.3602,160.4907,95.8839,2.0,EQ_A,ROUTE_B,BIN_PASS,80.5717
W0326,LOT013,105.7906,54.7387,181.2133,92.8192,3.0,EQ_A,ROUTE_C,BIN_SHORT,65.5303
W0327,LOT013,103.9583,48.4314,197.1182,97.8219,2.0,EQ_A,ROUTE_A,BIN_LEAKAGE,75.0723
W0328,LOT013,103.1206,48.7394,175.8061,94.8028,4.0,EQ_B,ROUTE_B,BIN_PASS,73.9363
W0329,LOT013,103.1417,49.1546,211.9986,95.0377,1.0,EQ_A,ROUTE_A,BIN_PASS,75.8619
W0330,LOT013,99.9388,45.9666,230.615,96.4164,3.0,EQ_B,ROUTE_A,BIN_OPEN,64.9477
W0331,LOT013,95.5137,47.244,224.3752,95.4664,5.0,EQ_A,ROUTE_B,BIN_PASS,69.1553
W0332,LOT013,100.379,46.9876,195.7311,96.9063,2.0,EQ_C,ROUTE_A,BIN_PASS,72.7468
W0333,LOT013,96.6142,47.6966,229.8145,95.5742,4.0,EQ_B,ROUTE_B,BIN_PASS,69.3086
W0334,LOT013,104.8756,49.8959,202.9733,93.7751,2.0,EQ_B,ROUTE_B,BIN_SHORT,62.7461
W0335,LOT013,99.2647,50.7026,193.2583,95.723,1.0,EQ_B,ROUTE_B,BIN_PASS,78.3418
W0336,LOT013,95.8725,54.6515,187.7319,92.7125,3.0,EQ_B,ROUTE_A,BIN_LEAKAGE,74.1214
W0337,LOT013,98.3931,47.0049,193.9506,95.2171,4.0,EQ_C,ROUTE_B,BIN_PASS,73.9943
W0338,LOT013,102.0647,52.953,192.2365,94.9335,7.0,EQ_A,ROUTE_A,BIN_SHORT,59.382
W0339,LOT013,97.1814,49.358,203.4083,94.5838,4.0,EQ_B,ROUTE_B,BIN_PASS,72.7759
W0340,LOT013,95.8889,49.8516,203.2115,94.7429,6.0,EQ_C,ROUTE_B,BIN_SHORT,52.564
W0341,LOT013,101.2184,52.0245,200.0609,91.2363,4.0,EQ_B,ROUTE_C,BIN_PASS,71.5532
W0342,LOT013,101.2248,46.6318,208.7388,93.9026,1.0,EQ_A,ROUTE_C,BIN_PASS,72.5053
W0343,LOT013,97.4653,51.1472,223.8129,95.1857,1.0,EQ_B,ROUTE_C,BIN_LEAKAGE,74.6839
W0344,LOT013,97.6448,50.4994,218.9911,95.3197,7.0,EQ_C,ROUTE_A,BIN_PASS,67.8138
W0345,LOT013,101.1602,51.4774,170.302,92.9446,4.0,EQ_A,ROUTE_A,BIN_OPEN,65.4531
W0346,LOT013,92.7596,50.8675,148.9216,97.5314,3.0,EQ_C,ROUTE_B,BIN_LEAKAGE,70.3166
W0347,LOT013,92.9627,57.3659,218.6864,93.2677,3.0,EQ_A,ROUTE_B,BIN_PASS,70.7523
W0348,LOT013,96.4078,48.0868,172.6624,96.9389,3.0,EQ_A,ROUTE_B,BIN_LEAKAGE,75.2129
W0349,LOT013,98.9328,48.407,195.5047,95.8544,3.0,EQ_A,ROUTE_B,BIN_PASS,76.6019
W0350,LOT014,101.5545,48.1306,176.5977,93.7075,1.0,EQ_B,ROUTE_A,BIN_PASS,77.9368
W0351,LOT014,107.3768,48.3336,163.9604,98.5506,1.0,EQ_C,ROUTE_B,BIN_PASS,72.7778
W0352,LOT014,104.2883,48.0878,210.8293,92.6127,3.0,EQ_C,ROUTE_B,BIN_SHORT,62.2283
W0353,LOT014,99.2003,53.567,215.1831,96.8383,0.0,EQ_C,ROUTE_C,BIN_PASS,80.1298
W0354,LOT014,99.9049,54.2615,188.4698,97.0012,3.0,EQ_A,ROUTE_B,BIN_PASS,73.1667
W0355,LOT014,94.9874,48.2878,148.1792,93.6588,3.0,EQ_B,ROUTE_B,BIN_LEAKAGE,71.0594
W0356,LOT014,99.9074,47.5029,189.0751,97.7849,0.0,EQ_A,ROUTE_B,BIN_PASS,81.9074
W0357,LOT014,98.5567,51.4142,207.8361,94.4999,2.0,EQ_C,ROUTE_A,BIN_LEAKAGE,68.4619
W0358,LOT014,101.6136,48.3433,170.4218,95.5774,1.0,EQ_B,ROUTE_C,BIN_PASS,81.5444
W0359,LOT014,95.8638,51.8988,203.6672,95.5206,2.0,EQ_B,ROUTE_B,BIN_SHORT,69.9078
W0360,LOT014,102.5967,50.6088,199.6938,94.7314,4.0,EQ_B,ROUTE_B,BIN_PASS,66.8142
W0361,LOT014,107.6637,45.4528,211.5858,96.6216,4.0,EQ_C,ROUTE_C,BIN_PASS,76.9413
W0362,LOT014,99.4562,54.6425,202.3916,96.587,1.0,EQ_B,ROUTE_B,BIN_LEAKAGE,74.444
W0363,LOT014,102.0086,55.3876,180.5386,91.5029,3.0,EQ_B,ROUTE_A,BIN_LEAKAGE,68.3068
W0364,LOT014,103.4507,48.1616,223.9314,97.6087,3.0,EQ_A,ROUTE_B,BIN_PASS,75.2866
W0365,LOT014,97.9939,48.8369,196.8294,91.675,2.0,EQ_A,ROUTE_A,BIN_PASS,73.0005
W0366,LOT014,101.1205,50.8576,199.4539,97.0651,2.0,EQ_B,ROUTE_A,BIN_OPEN,72.9592
W0367,LOT014,100.063,51.0034,181.3346,97.2534,3.0,EQ_B,ROUTE_B,BIN_SHORT,64.6993
W0368,LOT014,100.4884,51.9756,191.1344,92.8181,2.0,EQ_A,ROUTE_C,BIN_PASS,82.1243
W0369,LOT014,96.135,56.0306,182.3039,94.1784,3.0,EQ_A,ROUTE_A,BIN_PASS,72.1085
W0370,LOT014,100.1226,49.4692,196.5411,92.7886,2.0,EQ_A,ROUTE_C,BIN_PASS,78.7004
W0371,LOT014,102.49,47.6051,234.2342,94.5702,1.0,EQ_C,ROUTE_B,BIN_PASS,74.4369
W0372,LOT014,107.2557,45.862,172.562,94.3839,0.0,EQ_C,ROUTE_A,BIN_LEAKAGE,75.6176
W0373,LOT014,104.7964,47.8072,167.7288,96.5593,3.0,EQ_A,ROUTE_B,BIN_PASS,73.1462
W0374,LOT014,110.7659,49.9006,229.4234,97.6206,4.0,EQ_B,ROUTE_C,BIN_PASS,66.4949
W0375,LOT015,96.1633,55.3837,195.8135,97.7914,4.0,EQ_A,ROUTE_B,BIN_SHORT,61.9792
W0376,LOT015,104.3616,48.4472,186.6185,93.8757,3.0,EQ_C,ROUTE_B,BIN_PASS,79.3637
W0377,LOT015,100.9167,50.6714,220.7981,94.5816,3.0,EQ_B,ROUTE_A,BIN_PASS,77.5334
W0378,LOT015,110.949,49.9507,187.8877,91.6331,6.0,EQ_C,ROUTE_B,BIN_LEAKAGE,63.5587
W0379,LOT015,95.9585,53.5652,236.5202,93.3883,4.0,EQ_B,ROUTE_B,BIN_PASS,65.754
W0380,LOT015,95.8014,57.5808,213.5585,96.9297,4.0,EQ_C,ROUTE_B,BIN_OPEN,62.2106
W0381,LOT015,97.003,48.4074,190.2418,98.2312,5.0,EQ_B,ROUTE_A,BIN_PASS,66.7444
W0382,LOT015,89.3805,48.5317,243.1462,92.5313,1.0,EQ_B,ROUTE_C,BIN_PASS,69.1918
W0383,LOT015,97.3712,53.1325,187.8857,93.8151,4.0,EQ_B,ROUTE_C,BIN_SHORT,66.3151
W0384,LOT015,96.2043,52.0457,214.8419,94.9472,2.0,EQ_B,ROUTE_B,BIN_PASS,75.2302
W0385,LOT015,100.752,55.5401,205.9859,95.5603,4.0,EQ_C,ROUTE_A,BIN_PASS,76.9437
W0386,LOT015,101.7088,51.7518,226.0348,93.3808,5.0,EQ_C,ROUTE_B,BIN_PASS,68.2937
W0387,LOT015,109.3809,48.9221,231.2302,95.8481,2.0,EQ_B,ROUTE_C,BIN_PASS,73.7478
W0388,LOT015,104.7521,51.772,200.6401,94.0523,4.0,EQ_B,ROUTE_A,BIN_PASS,67.6831
W0389,LOT015,97.1155,53.3261,184.9316,94.9711,1.0,EQ_C,ROUTE_C,BIN_PASS,74.5196
W0390,LOT015,95.5079,52.4614,209.1994,96.0926,2.0,EQ_B,ROUTE_C,BIN_PASS,74.0015
W0391,LOT015,102.4596,51.5218,186.4457,95.0128,4.0,EQ_B,ROUTE_A,BIN_PASS,71.5294
W0392,LOT015,93.3988,53.2,240.2677,94.1272,1.0,EQ_B,ROUTE_A,BIN_OPEN,70.4003
W0393,LOT015,109.1573,53.5079,202.7307,94.7808,1.0,EQ_A,ROUTE_B,BIN_PASS,77.2645
W0394,LOT015,105.8972,54.1465,192.6936,94.8233,0.0,EQ_B,ROUTE_B,BIN_PASS,79.1715
W0395,LOT015,97.6541,51.9461,203.6936,94.26,3.0,EQ_A,ROUTE_C,BIN_PASS,71.7098
W0396,LOT015,91.4343,49.4986,173.0575,94.4824,3.0,EQ_B,ROUTE_A,BIN_PASS,72.6387
W0397,LOT015,106.7694,50.4401,180.5677,98.1973,4.0,EQ_C,ROUTE_A,BIN_PASS,74.1754
W0398,LOT015,99.4273,53.6195,224.0083,96.1218,2.0,EQ_A,ROUTE_B,BIN_PASS,78.4876
W0399,LOT015,106.1891,47.5492,186.8621,94.409,3.0,EQ_A,ROUTE_C,BIN_SHORT,62.6795
W0400,LOT016,92.0279,51.106,179.0618,96.3939,6.0,EQ_B,ROUTE_C,BIN_OPEN,65.2904
W0401,LOT016,97.0031,48.82,210.7331,94.3324,2.0,EQ_B,ROUTE_B,BIN_PASS,76.6224
W0402,LOT016,100.0262,50.0862,223.7141,97.3462,2.0,EQ_A,ROUTE_A,BIN_LEAKAGE,70.7597
W0403,LOT016,100.2349,53.8354,214.3791,95.7393,2.0,EQ_C,ROUTE_B,BIN_SHORT,69.7959
W0404,LOT016,97.7497,50.5733,219.921,94.7854,4.0,EQ_C,ROUTE_B,BIN_SHORT,65.5502
W0405,LOT016,103.1142,50.1393,184.8641,95.8954,1.0,EQ_B,ROUTE_B,BIN_PASS,72.2858
W0406,LOT016,94.6619,45.9204,171.5638,91.8582,4.0,EQ_C,ROUTE_B,BIN_PASS,69.8852
W0407,LOT016,99.2881,52.2388,230.0267,92.7465,3.0,EQ_C,ROUTE_A,BIN_PASS,74.5105
W0408,LOT016,100.6015,51.9365,193.5464,92.6121,3.0,EQ_B,ROUTE_B,BIN_PASS,72.7275
W0409,LOT016,102.5722,56.4898,194.9833,95.2859,5.0,EQ_C,ROUTE_A,BIN_LEAKAGE,69.8171
W0410,LOT016,103.5581,49.0767,226.5639,98.465,3.0,EQ_B,ROUTE_B,BIN_PASS,77.8566
W0411,LOT016,94.3768,50.6575,211.1246,99.4626,1.0,EQ_A,ROUTE_C,BIN_PASS,75.4026
W0412,LOT016,92.3294,50.7482,209.1178,96.2761,1.0,EQ_B,ROUTE_A,BIN_PASS,74.4229
W0413,LOT016,106.3884,54.7324,243.3,96.0017,3.0,EQ_A,ROUTE_C,BIN_OPEN,66.2968
W0414,LOT016,101.6616,49.7141,187.1296,91.3979,5.0,EQ_A,ROUTE_B,BIN_SHORT,63.2869
W0415,LOT016,96.2576,50.8371,218.5568,93.9147,4.0,EQ_C,ROUTE_B,BIN_SHORT,62.7649
W0416,LOT016,107.7558,51.8237,201.1403,93.4244,2.0,EQ_C,ROUTE_B,BIN_PASS,62.8174
W0417,LOT016,100.5784,50.5598,205.3718,93.7583,7.0,EQ_C,ROUTE_A,BIN_PASS,74.367
W0418,LOT016,105.8965,48.6607,230.5694,94.6637,0.0,EQ_B,ROUTE_C,BIN_PASS,77.6966
W0419,LOT016,100.3376,50.5823,210.1567,94.0558,4.0,EQ_C,ROUTE_A,BIN_PASS,73.1309
W0420,LOT016,110.3037,53.2209,210.7659,91.0414,2.0,EQ_A,ROUTE_A,BIN_PASS,73.596
W0421,LOT016,108.7767,46.9205,221.4501,96.4958,3.0,EQ_C,ROUTE_B,BIN_PASS,71.395
W0422,LOT016,98.7552,50.3989,192.7009,92.8545,1.0,EQ_C,ROUTE_C,BIN_LEAKAGE,73.676
W0423,LOT016,104.8579,47.8996,183.2158,95.4785,3.0,EQ_B,ROUTE_B,BIN_PASS,70.1856
W0424,LOT016,103.2269,53.5851,179.1038,99.1482,1.0,EQ_B,ROUTE_A,BIN_PASS,70.582
W0425,LOT017,106.8432,45.4304,160.6729,93.1612,3.0,EQ_A,ROUTE_B,BIN_LEAKAGE,64.5561
W0426,LOT017,95.1754,48.3232,241.1241,89.9394,6.0,EQ_B,ROUTE_C,BIN_PASS,65.5319
W0427,LOT017,103.4303,51.1316,177.9358,94.428,3.0,EQ_C,ROUTE_B,BIN_PASS,75.971
W0428,LOT017,105.2921,54.6966,195.5749,97.2019,2.0,EQ_B,ROUTE_C,BIN_PASS,75.7076
W0429,LOT017,91.2063,49.8027,194.4637,98.9167,1.0,EQ_A,ROUTE_C,BIN_PASS,73.1376
W0430,LOT017,94.0837,48.3344,206.1481,92.5409,4.0,EQ_C,ROUTE_B,BIN_PASS,63.5679
W0431,LOT017,89.8038,55.6435,216.3147,95.9934,4.0,EQ_A,ROUTE_A,BIN_PASS,68.7111
W0432,LOT017,98.653,45.656,217.2095,94.0694,3.0,EQ_B,ROUTE_B,BIN_LEAKAGE,69.0936
W0433,LOT017,103.5877,43.4036,188.3385,94.7881,1.0,EQ_B,ROUTE_A,BIN_SHORT,65.4463
W0434,LOT017,107.5118,51.32,196.6576,100.2887,4.0,EQ_A,ROUTE_A,BIN_LEAKAGE,71.0863
W0435,LOT017,100.3705,48.4938,205.6516,91.9941,2.0,EQ_C,ROUTE_B,BIN_PASS,76.7024
W0436,LOT017,108.1431,46.9363,195.0262,95.5075,4.0,EQ_B,ROUTE_A,BIN_SHORT,59.4025
W0437,LOT017,93.0995,52.1251,232.1469,95.9354,1.0,EQ_B,ROUTE_A,BIN_SHORT,63.9606
W0438,LOT017,91.4831,50.7314,209.8195,97.1716,5.0,EQ_C,ROUTE_B,BIN_SHORT,60.8645
W0439,LOT017,99.7223,48.3078,214.6976,95.196,3.0,EQ_B,ROUTE_B,BIN_PASS,72.0205
W0440,LOT017,101.9203,46.1591,213.2576,95.6161,1.0,EQ_A,ROUTE_B,BIN_PASS,76.1703
W0441,LOT017,99.8365,52.6174,223.4695,94.2167,2.0,EQ_B,ROUTE_A,BIN_PASS,78.9824
W0442,LOT017,89.6628,51.9506,203.6204,95.5383,1.0,EQ_B,ROUTE_C,BIN_PASS,70.4792
W0443,LOT017,99.5544,49.7025,174.0634,94.3136,5.0,EQ_C,ROUTE_A,BIN_PASS,72.5106
W0444,LOT017,93.4777,55.5399,207.9938,96.2431,1.0,EQ_A,ROUTE_C,BIN_PASS,77.0725
W0445,LOT017,103.3484,46.7897,186.9729,94.2608,3.0,EQ_C,ROUTE_B,BIN_PASS,72.9528
W0446,LOT017,101.833,45.4234,189.4277,95.7542,2.0,EQ_B,ROUTE_C,BIN_PASS,76.7842
W0447,LOT017,95.3006,47.9243,211.7273,94.9415,3.0,EQ_B,ROUTE_B,BIN_SHORT,64.3981
W0448,LOT017,97.4307,49.8632,224.7657,97.2521,2.0,EQ_C,ROUTE_B,BIN_PASS,76.687
W0449,LOT017,94.7039,50.73,200.4254,94.8972,5.0,EQ_C,ROUTE_C,BIN_PASS,71.9415
W0450,LOT018,99.6866,49.2763,206.1767,91.4539,4.0,EQ_C,ROUTE_B,BIN_PASS,71.9005
W0451,LOT018,104.7757,51.0562,234.0443,97.5238,5.0,EQ_A,ROUTE_C,BIN_PASS,76.6168
W0452,LOT018,95.0714,46.2454,204.8151,93.1885,2.0,EQ_B,ROUTE_B,BIN_LEAKAGE,72.7523
W0453,LOT018,102.5202,54.3313,252.0337,93.6925,3.0,EQ_C,ROUTE_A,BIN_LEAKAGE,73.9204
W0454,LOT018,97.3487,49.7535,211.3102,93.8087,2.0,EQ_B,ROUTE_A,BIN_PASS,79.3191
W0455,LOT018,96.0356,53.3519,164.7847,97.7489,1.0,EQ_A,ROUTE_B,BIN_SHORT,68.9518
W0456,LOT018,99.4648,51.0282,215.0668,90.7287,3.0,EQ_A,ROUTE_B,BIN_PASS,79.0856
W0457,LOT018,94.8238,51.3703,207.6232,101.2755,1.0,EQ_A,ROUTE_C,BIN_PASS,76.9628
W0458,LOT018,97.2318,51.7093,225.7951,97.1121,7.0,EQ_A,ROUTE_A,BIN_PASS,65.7965
W0459,LOT018,94.0106,51.3431,213.4636,95.4465,6.0,EQ_B,ROUTE_C,BIN_PASS,68.7104
W0460,LOT018,109.8236,51.9282,197.2309,94.8902,3.0,EQ_A,ROUTE_B,BIN_PASS,68.7631
W0461,LOT018,100.1763,53.9875,175.514,95.5711,4.0,EQ_A,ROUTE_B,BIN_PASS,66.047
W0462,LOT018,96.5014,50.5896,195.8195,96.0422,1.0,EQ_C,ROUTE_C,BIN_PASS,74.657
W0463,LOT018,101.0699,52.127,182.9896,96.2904,1.0,EQ_A,ROUTE_B,BIN_PASS,77.5469
W0464,LOT018,99.4384,49.7308,188.3895,96.1112,2.0,EQ_C,ROUTE_A,BIN_PASS,79.9096
W0465,LOT018,98.8952,54.3204,211.7716,95.1792,3.0,EQ_A,ROUTE_C,BIN_PASS,70.8738
W0466,LOT018,103.0708,47.9708,233.3981,94.6053,3.0,EQ_A,ROUTE_A,BIN_OPEN,71.7976
W0467,LOT018,103.7875,55.4028,207.8934,94.6975,1.0,EQ_C,ROUTE_A,BIN_PASS,71.5706
W0468,LOT018,97.3475,49.8795,176.0823,94.6102,4.0,EQ_A,ROUTE_A,BIN_PASS,70.3975
W0469,LOT018,97.1209,45.7077,208.8921,97.2675,1.0,EQ_B,ROUTE_C,BIN_PASS,80.2668
W0470,LOT018,98.6247,50.3843,223.9326,96.1871,3.0,EQ_B,ROUTE_B,BIN_SHORT,67.0766
W0471,LOT018,88.4904,47.9568,187.8043,89.1192,3.0,EQ_A,ROUTE_A,BIN_PASS,70.709
W0472,LOT018,92.424,52.5219,197.3197,96.3118,1.0,EQ_B,ROUTE_A,BIN_SHORT,67.9243
W0473,LOT018,106.8344,48.0421,200.2938,95.3895,2.0,EQ_C,ROUTE_A,BIN_OPEN,65.5473
W0474,LOT018,108.2248,48.6614,184.302,94.9626,4.0,EQ_A,ROUTE_B,BIN_PASS,70.0046
W0475,LOT019,98.7548,44.3314,212.9656,94.223,2.0,EQ_A,ROUTE_B,BIN_PASS,74.367
W0476,LOT019,102.8828,48.6431,197.581,97.2482,0.0,EQ_C,ROUTE_C,BIN_LEAKAGE,79.2865
W0477,LOT019,101.5563,42.7284,208.3906,96.8951,4.0,EQ_C,ROUTE_B,BIN_PASS,65.6132
W0478,LOT019,115.3944,45.2483,182.2502,93.4542,0.0,EQ_C,ROUTE_C,BIN_PASS,78.77
W0479,LOT019,105.5979,52.2812,191.2508,95.8141,2.0,EQ_A,ROUTE_C,BIN_PASS,74.0342
W0480,LOT019,99.3604,52.3574,214.4476,93.0567,5.0,EQ_C,ROUTE_C,BIN_LEAKAGE,65.0335
W0481,LOT019,95.2223,51.2764,192.5433,92.2408,1.0,EQ_C,ROUTE_C,BIN_PASS,72.6812
W0482,LOT019,91.9678,47.0991,234.5393,93.7466,5.0,EQ_B,ROUTE_C,BIN_PASS,69.7494
W0483,LOT019,101.0173,49.8569,192.0073,96.7248,4.0,EQ_B,ROUTE_A,BIN_PASS,69.5959
W0484,LOT019,96.2182,49.9892,204.4937,96.9063,4.0,EQ_A,ROUTE_B,BIN_PASS,71.1808
W0485,LOT019,92.8887,46.5249,218.6518,96.0262,3.0,EQ_B,ROUTE_A,BIN_PASS,71.2269
W0486,LOT019,96.7671,54.5102,171.6327,96.4502,6.0,EQ_B,ROUTE_C,BIN_LEAKAGE,68.6571
W0487,LOT019,94.5923,52.6321,164.7838,96.0324,2.0,EQ_C,ROUTE_B,BIN_PASS,77.3802
W0488,LOT019,108.4357,49.3371,169.4869,93.717,4.0,EQ_C,ROUTE_A,BIN_LEAKAGE,66.2752
W0489,LOT019,104.4082,50.0807,225.2517,95.8638,2.0,EQ_B,ROUTE_A,BIN_PASS,75.0072
W0490,LOT019,99.9601,50.6251,188.9628,96.6008,5.0,EQ_B,ROUTE_C,BIN_PASS,67.4518
W0491,LOT019,107.3997,43.8748,251.164,96.5086,3.0,EQ_B,ROUTE_A,BIN_SHORT,56.7127
W0492,LOT019,100.3868,49.2585,188.715,97.3778,3.0,EQ_A,ROUTE_A,BIN_PASS,71.4002
W0493,LOT019,95.6936,47.954,203.691,96.4166,3.0,EQ_A,ROUTE_A,BIN_LEAKAGE,73.759
W0494,LOT019,107.6156,46.9951,230.8422,95.7029,1.0,EQ_A,ROUTE_A,BIN_LEAKAGE,74.3536
W0495,LOT019,102.6946,49.1567,240.1219,97.1403,3.0,EQ_B,ROUTE_A,BIN_PASS,75.5046
W0496,LOT019,94.8138,55.3931,241.2301,94.947,6.0,EQ_B,ROUTE_C,BIN_LEAKAGE,59.914
W0497,LOT019,99.0483,51.9225,224.1673,93.2363,3.0,EQ_A,ROUTE_C,BIN_PASS,72.3105
W0498,LOT019,95.6219,48.2865,220.4813,94.6739,1.0,EQ_A,ROUTE_A,BIN_SHORT,65.9277
W0499,LOT019,93.086,51.7177,211.8505,93.5102,3.0,EQ_B,ROUTE_C,BIN_PASS,72.2407
